key	text
STR_KF_C001	Macarrão instantâneo amolecido em água quente. O de pacote fica pronto após 60 s e o de copo após 45 s; carregue hashis para comer.
STR_KF_C002	Shin Ramyun (seco)
STR_KF_C003	Coma esmigalhado e seco ou combine com 500 mL de água a 80°C ou mais (panela, cantil ou garrafa). Pacote já comido em parte não pode ser cozido.
STR_KF_C004	Shin Ramyun Ppogeuli
STR_KF_C005	Jin Ramen Picante (seco)
STR_KF_C006	Jin Ramen Picante Ppogeuli
STR_KF_C007	Jin Ramen Suave (seco)
STR_KF_C008	Jin Ramen Suave Ppogeuli
STR_KF_C009	Ansungtangmyun (seco)
STR_KF_C010	Ansungtangmyun Ppogeuli
STR_KF_C011	Chapagetti (seco)
STR_KF_C012	Chapagetti Ppogeuli
STR_KF_C013	Copo de Shin Ramyun (não preparado)
STR_KF_C014	Combine com 300 mL de água a 80°C ou mais em uma panela, cantil ou garrafa plástica. Também é possível enchê-lo olhando para uma panela sobre um tripé.
STR_KF_C015	Copo de Shin Ramyun
STR_KF_C016	Copo de Jin Ramen Picante (não preparado)
STR_KF_C017	Copo de Jin Ramen Picante
STR_KF_C018	Copo de Jin Ramen Suave (não preparado)
STR_KF_C019	Copo de Jin Ramen Suave
STR_KF_C020	Copo de Saeutang de Camarão (não preparado)
STR_KF_C021	Copo de Saeutang de Camarão
STR_KF_C022	Hashis de Madeira
STR_KF_C023	Hashis entalhados de um graveto curto com uma faca. Carregue-os e segure o macarrão preparado nas mãos para comer.
STR_KF_C024	Nurungji (arroz tostado)
STR_KF_C025	Adicione 200 mL de água a 80°C ou mais e espere 60 segundos.
STR_KF_C026	Nurungji (na água)
STR_KF_C027	Pode ser comido quando terminar de amolecer.
STR_KF_C028	Lata de Atum com Pimenta
STR_KF_C029	Segure nas mãos, abra a embalagem e depois coma. O item aberto é colocado aos seus pés.
STR_KF_C030	Lata de Atum com Pimenta (aberta)
STR_KF_C031	Comida aberta. O conteúdo e os valores nutricionais são definidos para o equilíbrio do jogo.
STR_KF_C032	Lata de Kimchi Refogado
STR_KF_C033	Lata de Kimchi Refogado (aberta)
STR_KF_C034	Arroz Instantâneo
STR_KF_C035	Arroz Instantâneo (aberto)
STR_KF_C036	Lula Seca
STR_KF_C037	Lula Seca (aberta)
STR_KF_C038	Alga Temperada (Gim)
STR_KF_C039	Alga Temperada (Gim) (aberta)
STR_KF_C040	Misugaru
STR_KF_C041	Combine com um copo de papel vazio para colocar 30 g e depois adicione 200 mL de água.
STR_KF_C042	Misugaru (pó no copo)
STR_KF_C043	A água ainda não foi adicionada.
STR_KF_C044	Misugaru (pronto)
STR_KF_C045	Uma dose preparada em copo de papel. O copo desaparece ao terminar.
STR_KF_C046	Lata de Jangjorim (carne cozida no shoyu)
STR_KF_C047	Lata de Jangjorim (carne cozida no shoyu) (aberta)
STR_KF_C048	Lata de Folhas de Perilla
STR_KF_C049	Lata de Folhas de Perilla (aberta)
STR_KF_C050	Lata de Cavalinha
STR_KF_C051	Lata de Cavalinha (aberta)
STR_KF_C052	Curry Instantâneo
STR_KF_C053	Ao abrir a caixa de papel, aparece um sachê lacrado. Abra o sachê mais uma vez para comer.
STR_KF_C054	Curry Instantâneo (aberto)
STR_KF_C055	Jjajang Instantâneo
STR_KF_C056	Jjajang Instantâneo (aberto)
STR_KF_C057	Yanggaeng
STR_KF_C058	Yanggaeng (aberto)
STR_KF_C059	Choco Pie
STR_KF_C060	Choco Pie (aberto)
STR_KF_C061	Geonppang (biscoito duro)
STR_KF_C062	Geonppang (biscoito duro) (aberto)
STR_KF_C063	Mistura de Café Maxim Mocha Gold, 20 sachês
STR_KF_C064	Combine com um copo de papel vazio para colocar 12 g e depois adicione 200 mL de água.
STR_KF_C065	Mistura de Café (pó no copo)
STR_KF_C066	Mistura de Café (pronta)
STR_KF_C067	Macarrão Yukgaejang em Tigela (não preparado)
STR_KF_C068	Combine com 300 mL de água a 80°C ou mais. Coma com hashis quando estiver pronto.
STR_KF_C069	Macarrão Yukgaejang em Tigela
STR_KF_C070	Não pode ser comido enquanto amolece na água quente. Hashis necessários quando estiver pronto.
STR_KF_C071	Macarrão de Kimchi em Tigela (não preparado)
STR_KF_C072	Macarrão de Kimchi em Tigela
STR_KF_C073	Macarrão Dosirak (não preparado)
STR_KF_C074	Macarrão Dosirak
STR_KF_C075	Dosirak de Kimchi (não preparado)
STR_KF_C076	Dosirak de Kimchi
STR_KF_C077	Macarrão de Arroz com Anchova (não preparado)
STR_KF_C078	Macarrão de Arroz com Anchova
STR_KF_C079	Lata de Apresuntado (tipo Spam)
STR_KF_C080	Lata de Apresuntado (tipo Spam) (aberta)
STR_KF_C081	Lata de Beondegi (pupa de bicho-da-seda)
STR_KF_C082	Lata de Beondegi (pupa de bicho-da-seda) (aberta)
STR_KF_C083	Lata de Búzio
STR_KF_C084	Lata de Búzio (aberta)
STR_KF_C085	Lata de Berbigão
STR_KF_C086	Lata de Berbigão (aberta)
STR_KF_C087	Samgyetang Instantâneo
STR_KF_C088	Samgyetang Instantâneo (aberto)
STR_KF_C089	Yukgaejang Instantâneo
STR_KF_C090	Yukgaejang Instantâneo (aberto)
STR_KF_C091	Sopa de Alga com Carne Instantânea
STR_KF_C092	Sopa de Alga com Carne Instantânea (aberta)
STR_KF_C093	Mingau de Abalone
STR_KF_C094	Mingau de Abalone (aberto)
STR_KF_C095	Mingau de Abóbora
STR_KF_C096	Mingau de Abóbora (aberto)
STR_KF_C097	Mingau de Feijão Vermelho com Castanha
STR_KF_C098	Mingau de Feijão Vermelho com Castanha (aberto)
STR_KF_C099	Mingau de Carne
STR_KF_C100	Mingau de Carne (aberto)
STR_KF_C101	Sopa de Doenjang Liofilizada
STR_KF_C102	Combine com um copo de papel vazio para colocar 10 g e depois adicione 200 mL de água.
STR_KF_C103	Sopa de Doenjang Liofilizada (pó no copo)
STR_KF_C104	Sopa de Doenjang Liofilizada (pronta)
STR_KF_C105	Sopa de Ovo Liofilizada
STR_KF_C106	Sopa de Ovo Liofilizada (pó no copo)
STR_KF_C107	Sopa de Ovo Liofilizada (pronta)
STR_KF_C108	Paldo Bibim Men (não preparado)
STR_KF_C109	Combine com 500 mL de água a 80°C ou mais. Coma com hashis quando estiver pronto.
STR_KF_C110	Paldo Bibim Men (sem escorrer)
STR_KF_C111	Depois de amolecer, escorra a água e, na próxima etapa, misture o molho incluso.
STR_KF_C112	Paldo Bibim Men (sem molho)
STR_KF_C113	Misture o molho incluso com a ação Abrir embalagem.
STR_KF_C114	Paldo Bibim Men (pronto)
STR_KF_C115	Macarrão bibim escorrido e misturado com molho. Hashis necessários.
STR_KF_C116	Neoguri (não preparado)
STR_KF_C117	Neoguri
STR_KF_C118	Lámen de Gergelim (não preparado)
STR_KF_C119	Lámen de Gergelim
STR_KF_C120	Udon Tempurá (não preparado)
STR_KF_C121	Udon Tempurá
STR_KF_C122	Jwipo (peixe-porco seco)
STR_KF_C123	Ao abrir o pacote, saem quatro folhas de jwipo.
STR_KF_C124	Jwipo, uma folha
STR_KF_C125	Soja Preta Torrada
STR_KF_C126	Soja Preta Torrada (aberta)
STR_KF_C127	Pinhões, pacote pequeno
STR_KF_C128	Pinhões, pacote pequeno (aberto)
STR_KF_C129	Jocheong Yugwa
STR_KF_C130	Jocheong Yugwa (aberto)
STR_KF_C131	Gangjeong de Amendoim
STR_KF_C132	Gangjeong de Amendoim (aberto)
STR_KF_C133	Dalgona
STR_KF_C134	Dalgona (aberto)
STR_KF_C135	Saeukkang (salgadinho de camarão)
STR_KF_C136	Saeukkang (salgadinho de camarão) (aberto)
STR_KF_C137	Bolinhas de Amendoim sabor Lula
STR_KF_C138	Bolinhas de Amendoim sabor Lula (abertas)
STR_KF_C139	Biscoito Gosomi
STR_KF_C140	Biscoito Gosomi (aberto)
STR_KF_C141	Diget Choco
STR_KF_C142	Diget Choco (aberto)
STR_KF_C143	Chocolate Ghana
STR_KF_C144	Chocolate Ghana (aberto)
STR_KF_C145	Pepero Original
STR_KF_C146	Pepero Original (aberto)
STR_KF_C147	Home Run Ball
STR_KF_C148	Home Run Ball (aberto)
STR_KF_C149	Matdongsan
STR_KF_C150	Matdongsan (aberto)
STR_KF_C151	Barra Energética Dr. You
STR_KF_C152	Barra Energética Dr. You (aberta)
STR_KF_C153	Lata de Sikhye
STR_KF_C154	Uma bebida. O recipiente desaparece ao terminar. O conteúdo e os valores nutricionais são definidos para o equilíbrio do jogo.
STR_KF_C155	Lata de Sujeonggwa
STR_KF_C156	Lata de Suco de Pera Ralada
STR_KF_C157	Caixa de Sachês de Chá de Cevada
STR_KF_C158	30 sachês pelas regras do jogo. Combine com um copo de papel vazio para usar um de cada vez.
STR_KF_C159	Sachê de Chá de Cevada (no copo)
STR_KF_C160	Despeje 200 mL de água a 80°C ou mais e deixe em infusão por 30 segundos.
STR_KF_C161	Chá de Cevada (preparado)
STR_KF_C162	Chá preparado com água quente. 0 de energia, 200 mL de água pelas regras do jogo.
STR_KF_C163	Kkokkalcorn Original
STR_KF_C164	Kkokkalcorn Original (aberto)
STR_KF_C165	Ion the Fit
STR_KF_C166	Toreta
STR_KF_C167	Pocari Sweat
STR_KF_C168	Gatorade
STR_KF_C169	Powerade
STR_KF_C170	Chilsung Cider
STR_KF_C171	Ceylon Tea
STR_KF_C172	Grape Bongbong
STR_KF_C173	Leite de Banana
STR_KF_C174	Bacchus
STR_KF_C175	Uma bebida. O conteúdo e os valores nutricionais são definidos para o equilíbrio do jogo.
STR_KF_C176	McCol
STR_KF_C177	Oran C Abacaxi
STR_KF_C178	Ssaksak
STR_KF_C179	JuicyCool Ameixa 450ml
STR_KF_C180	Ao terminar, uma folha de papel é colocada aos seus pés em vez de uma caixinha vazia.
STR_KF_C181	JuicyCool Pêssego 450ml
STR_KF_C182	JuicyCool Abacaxi 450ml
STR_KF_C183	JuicyCool Uva Verde 450ml
STR_KF_C184	JuicyCool Ameixa 930ml
STR_KF_C185	JuicyCool Pêssego 930ml
STR_KF_C186	JuicyCool Abacaxi 930ml
STR_KF_C187	JuicyCool Uva Verde 930ml
STR_KF_C188	Caixa de Sachês de Chá de Selo-de-Salomão
STR_KF_C189	Sachê de Chá de Selo-de-Salomão (no copo)
STR_KF_C190	Chá de Selo-de-Salomão (preparado)
STR_KF_C191	Caixa de Sachês de Chá de Milho
STR_KF_C192	Sachê de Chá de Milho (no copo)
STR_KF_C193	Chá de Milho (preparado)
STR_KF_C194	Caixa de Sachês de Chá de Semente de Cássia
STR_KF_C195	Sachê de Chá de Semente de Cássia (no copo)
STR_KF_C196	Chá de Semente de Cássia (preparado)
STR_KF_C197	Copo de Papel Vazio
STR_KF_C198	Um copo descartável para preparar doses individuais de café, misugaru e sopa instantânea.
STR_KF_C199	Macarrão Odongtong (não preparado)
STR_KF_C200	Macarrão Odongtong
STR_KF_C201	Saeukkang Picante
STR_KF_C202	Saeukkang Picante (aberto)
STR_KF_C203	Pepero de Amêndoa
STR_KF_C204	Pepero de Amêndoa (aberto)
STR_KF_C205	Choco Filled Pepero
STR_KF_C206	Choco Filled Pepero (aberto)
STR_KF_C207	Crunky Pepero
STR_KF_C208	Crunky Pepero (aberto)
STR_KF_C209	White Cookie Pepero
STR_KF_C210	White Cookie Pepero (aberto)
STR_KF_C211	Choco Cookie Pepero
STR_KF_C212	Choco Cookie Pepero (aberto)
STR_KF_C213	Home Run Ball Choco (embalagem clássica)
STR_KF_C214	Home Run Ball Choco (embalagem clássica) (aberto)
STR_KF_C215	Home Run Ball Leite com Sal
STR_KF_C216	Home Run Ball Leite com Sal (aberto)
STR_KF_C217	Kkokkalcorn Milho Assado
STR_KF_C218	Kkokkalcorn Milho Assado (aberto)
STR_KF_C219	Kkokkalcorn Doce e Picante
STR_KF_C220	Kkokkalcorn Doce e Picante (aberto)
STR_KF_C221	Kkokkalcorn Milho Ceroso
STR_KF_C222	Kkokkalcorn Milho Ceroso (aberto)
STR_KF_C223	Mistura de Café Maxim White Gold
STR_KF_C224	Combine com um copo de papel vazio para colocar 11,7 g e depois adicione 200 mL de água.
STR_KF_C225	Mistura de Café Maxim White Gold (pó no copo)
STR_KF_C226	Mistura de Café Maxim White Gold (pronta)
STR_KF_C227	Leite sabor Melona
STR_KF_C228	Leite de Morango
STR_KF_C229	Oran C Calamansi
STR_KF_C230	Oran C Laranja
STR_KF_C231	Suco de Pera Ralada (garrafa PET)
STR_KF_C232	Yanggaeng de Castanha
STR_KF_C233	Yanggaeng de Castanha (aberto)
STR_KF_C234	Gatorade Zero
STR_KF_C235	Gatorade Blue Bolt
STR_KF_C236	Bacchus F
STR_KF_C237	Sopa de Alga com Caldo de Osso Liofilizada
STR_KF_C238	Sopa de Alga com Caldo de Osso Liofilizada (pó no copo)
STR_KF_C239	Sopa de Alga com Caldo de Osso Liofilizada (pronta)
STR_KF_C240	Yukgaejang Liofilizado
STR_KF_C241	Yukgaejang Liofilizado (pó no copo)
STR_KF_C242	Yukgaejang Liofilizado (pronto)
STR_KF_C243	Sachê Interno · Curry Instantâneo
STR_KF_C244	Sachê Interno · Jjajang Instantâneo
STR_KF_C245	Ração de Combate Tipo 1
STR_KF_C246	Contém cinco sachês: arroz frito com kimchi, arroz branco, almôndegas, tofu temperado e anchovas cozidas.
STR_KF_C247	Ração de Combate Tipo 1 (caixa aberta)
STR_KF_C248	Ração de Combate · Arroz Frito com Kimchi
STR_KF_C249	Um componente embalado individualmente. Os valores nutricionais são definidos para o equilíbrio do jogo.
STR_KF_C250	Ração de Combate · Arroz Frito com Kimchi (aberto)
STR_KF_C251	Ração de Combate · Arroz Branco
STR_KF_C252	Ração de Combate · Arroz Branco (aberto)
STR_KF_C253	Ração de Combate · Almôndegas
STR_KF_C254	Ração de Combate · Almôndegas (abertas)
STR_KF_C255	Ração de Combate · Tofu Temperado
STR_KF_C256	Ração de Combate · Tofu Temperado (aberto)
STR_KF_C257	Ração de Combate · Anchovas Cozidas
STR_KF_C258	Ração de Combate · Anchovas Cozidas (abertas)
STR_KF_A_FILL_NOODLE	Encher com água quente
STR_KF_A_POUR_NOODLE	Despejar água quente no macarrão
STR_KF_A_EAT_DRY	Esmigalhar e comer seco
STR_KF_A_EAT_CHOPSTICKS	Comer macarrão com hashis
STR_KF_A_OPEN_RATION	Abrir caixa de ração
STR_KF_A_OPEN	Abrir embalagem
STR_KF_A_FILL_WATER	Encher com água para preparar
STR_KF_R_SOAK_NOODLE	Adicionar água quente e amolecer macarrão
STR_KF_R_CHOPSTICKS	Entalhar hashis de madeira
STR_KF_R_PAPERCUP	Dobrar copo de papel (2 papéis)
STR_KF_R_ADD_WATER	Adicionar água para preparar comida
STR_KF_R_DOSE	Colocar uma dose no copo de papel
STR_KF_S_READY	 (pronto)
STR_KF_S_SOAKING	 (amolecendo)
STR_KF_S_STEEPING	 (em infusão)
STR_KF_S_DRAIN	 (escorrer água)
STR_KF_N_PALDOBIBIM	Paldo Bibim Men
